id,prompt,status,metric,level,entity_count,physical_table_count,answer_rows,reference_rows,numeric_match,api_seconds,seconds,catalog_version,catalog_hash,runtime_stage,app_sha256,answer_sha256,reference_sha256
P09602,"Ocak 2026 için müşteri, ürün, ödeme planı, satış temsilcisi, teslimat şehri ve birim bazında satılan adet göster.",LIVE_PASS,satılan adet,5,8,15,65379,65379,True,11.037,50.98,13,21e3b5e01eb6fe3a18008c77153d884036e9c0d7b7632fe0c34bb5417b8cbd69,initial,1008acf3c313709ad9f3f33a9d892eb3439dc83d594097a0fb47ffc2ca5bbeee,0e23bad5176d753c89aa45d1e67d500b48f83abffe2db0b08bcb4424b4c22e20,0e23bad5176d753c89aa45d1e67d500b48f83abffe2db0b08bcb4424b4c22e20
P09636,"Müşteri, ürün, ödeme planı, satış temsilcisi, teslimat şehri ve birim bazında Şubat 2026 satılan adet hesapla.",LIVE_PASS,satılan adet,5,8,15,76942,76942,True,19.29,50.56,13,21e3b5e01eb6fe3a18008c77153d884036e9c0d7b7632fe0c34bb5417b8cbd69,initial,1008acf3c313709ad9f3f33a9d892eb3439dc83d594097a0fb47ffc2ca5bbeee,b435cd6c3711fcbec3b1239a0c400d9dcd448c2fe36900fd4db132066683fdd5,b435cd6c3711fcbec3b1239a0c400d9dcd448c2fe36900fd4db132066683fdd5
P08802,"Ocak 2024 için müşteri, ürün, ödeme planı, satış temsilcisi, teslimat şehri ve birim bazında satılan adet göster.",LIVE_PASS,satılan adet,5,8,15,61865,61865,True,1.314,26.8,13,21e3b5e01eb6fe3a18008c77153d884036e9c0d7b7632fe0c34bb5417b8cbd69,initial,1008acf3c313709ad9f3f33a9d892eb3439dc83d594097a0fb47ffc2ca5bbeee,fd2a0235cb8b52ca64e53023e8303709d38bc9e3500964ed9285b994988b44d8,fd2a0235cb8b52ca64e53023e8303709d38bc9e3500964ed9285b994988b44d8
P08808,"Müşteri, ürün, ödeme planı, satış temsilcisi, teslimat şehri ve birim bazında Ocak 2024 perakende satılan adet hesapla.",LIVE_PASS,satılan adet,5,8,15,10798,10798,True,2.968,8.51,13,21e3b5e01eb6fe3a18008c77153d884036e9c0d7b7632fe0c34bb5417b8cbd69,initial,1008acf3c313709ad9f3f33a9d892eb3439dc83d594097a0fb47ffc2ca5bbeee,03059deb3e0bf3eddb539cb0d9eec28766dbfdae58268aa409d54b8d47973f1a,03059deb3e0bf3eddb539cb0d9eec28766dbfdae58268aa409d54b8d47973f1a
P08810,"Ocak 2024 müşteri, ürün, ödeme planı, satış temsilcisi, teslimat şehri ve birim bazında satış tutarı nedir?",LIVE_PASS,satış tutarı,5,8,15,61865,61865,True,6.502,29.77,13,21e3b5e01eb6fe3a18008c77153d884036e9c0d7b7632fe0c34bb5417b8cbd69,initial,1008acf3c313709ad9f3f33a9d892eb3439dc83d594097a0fb47ffc2ca5bbeee,7ed31cc9008ecd76884a0915a0c55ad8a326a162bd241f653813d1934121b888,7ed31cc9008ecd76884a0915a0c55ad8a326a162bd241f653813d1934121b888
P08816,"Ocak 2024 için müşteri, ürün, ödeme planı, satış temsilcisi, teslimat şehri ve birim bazında perakende satış tutarı göster.",LIVE_PASS,satış tutarı,5,8,15,10798,10798,True,3.241,7.85,13,21e3b5e01eb6fe3a18008c77153d884036e9c0d7b7632fe0c34bb5417b8cbd69,initial,1008acf3c313709ad9f3f33a9d892eb3439dc83d594097a0fb47ffc2ca5bbeee,3ed0af654e1e6eac9400e499215c940e78a8da1bed3825cad6d6dc354b35c09c,3ed0af654e1e6eac9400e499215c940e78a8da1bed3825cad6d6dc354b35c09c
P08818,"Ocak 2024 müşteri, ürün, ödeme planı, satış temsilcisi, teslimat şehri ve birim bazında satış satırı sayısı nedir?",LIVE_PASS,satış satırı sayısı,5,8,15,61865,61865,True,8.496,32.01,13,21e3b5e01eb6fe3a18008c77153d884036e9c0d7b7632fe0c34bb5417b8cbd69,initial,1008acf3c313709ad9f3f33a9d892eb3439dc83d594097a0fb47ffc2ca5bbeee,134718977c18d4b44b7d742f85c010e63191aa19a2d20cc631bc5773bf15f383,134718977c18d4b44b7d742f85c010e63191aa19a2d20cc631bc5773bf15f383
P08824,"Ocak 2024 için müşteri, ürün, ödeme planı, satış temsilcisi, teslimat şehri ve birim bazında perakende satış satırı sayısı göster.",LIVE_PASS,satış satırı sayısı,5,8,15,10798,10798,True,3.132,8.24,13,21e3b5e01eb6fe3a18008c77153d884036e9c0d7b7632fe0c34bb5417b8cbd69,initial,1008acf3c313709ad9f3f33a9d892eb3439dc83d594097a0fb47ffc2ca5bbeee,f106b15e4f2f4b6620b5dd96e93b96e52fd438ab4942d61046d8655107110439,f106b15e4f2f4b6620b5dd96e93b96e52fd438ab4942d61046d8655107110439
P08826,"Ocak 2024 müşteri, ürün, ödeme planı, satış temsilcisi, teslimat şehri ve birim bazında net satış tutarı nedir?",LIVE_PASS,net satış tutarı,5,8,15,68482,68482,True,6.154,33.36,13,21e3b5e01eb6fe3a18008c77153d884036e9c0d7b7632fe0c34bb5417b8cbd69,initial,1008acf3c313709ad9f3f33a9d892eb3439dc83d594097a0fb47ffc2ca5bbeee,d1dff6a48f61891008e052e8d207241dddd19b5d9877062e3a620ec927bb96db,d1dff6a48f61891008e052e8d207241dddd19b5d9877062e3a620ec927bb96db
P08832,"Ocak 2024 müşteri, ürün, ödeme planı, satış temsilcisi, teslimat şehri ve birim bazında perakende net satış tutarı nedir?",LIVE_PASS,net satış tutarı,5,8,15,10798,10798,True,3.051,8.0,13,21e3b5e01eb6fe3a18008c77153d884036e9c0d7b7632fe0c34bb5417b8cbd69,initial,1008acf3c313709ad9f3f33a9d892eb3439dc83d594097a0fb47ffc2ca5bbeee,3ed0af654e1e6eac9400e499215c940e78a8da1bed3825cad6d6dc354b35c09c,3ed0af654e1e6eac9400e499215c940e78a8da1bed3825cad6d6dc354b35c09c
P08840,"Şubat 2024 müşteri, ürün, ödeme planı, satış temsilcisi, teslimat şehri ve birim bazında perakende satılan adet nedir?",LIVE_PASS,satılan adet,5,8,15,9032,9032,True,3.496,7.58,13,21e3b5e01eb6fe3a18008c77153d884036e9c0d7b7632fe0c34bb5417b8cbd69,initial,1008acf3c313709ad9f3f33a9d892eb3439dc83d594097a0fb47ffc2ca5bbeee,874dcd093aeb66b228e1735a5d792374bbc67a87be2993d77eef8c15cb21bd75,874dcd093aeb66b228e1735a5d792374bbc67a87be2993d77eef8c15cb21bd75
P08850,"Müşteri, ürün, ödeme planı, satış temsilcisi, teslimat şehri ve birim bazında Şubat 2024 perakende satış tutarı hesapla.",LIVE_PASS,satış tutarı,5,8,15,9032,9032,True,4.741,8.16,13,21e3b5e01eb6fe3a18008c77153d884036e9c0d7b7632fe0c34bb5417b8cbd69,initial,1008acf3c313709ad9f3f33a9d892eb3439dc83d594097a0fb47ffc2ca5bbeee,77e36502275e6f7e0904b0d6c5802f427dad70e37bf2494d3449f57078259b5b,77e36502275e6f7e0904b0d6c5802f427dad70e37bf2494d3449f57078259b5b
P08858,"Müşteri, ürün, ödeme planı, satış temsilcisi, teslimat şehri ve birim bazında Şubat 2024 perakende satış satırı sayısı hesapla.",LIVE_PASS,satış satırı sayısı,5,8,15,9032,9032,True,2.791,6.48,13,21e3b5e01eb6fe3a18008c77153d884036e9c0d7b7632fe0c34bb5417b8cbd69,initial,1008acf3c313709ad9f3f33a9d892eb3439dc83d594097a0fb47ffc2ca5bbeee,6a56546cf035b3a1c7e92c8014819ddb6204caa376d112673aede13fb1211841,6a56546cf035b3a1c7e92c8014819ddb6204caa376d112673aede13fb1211841
P08866,"Şubat 2024 için müşteri, ürün, ödeme planı, satış temsilcisi, teslimat şehri ve birim bazında perakende net satış tutarı göster.",LIVE_PASS,net satış tutarı,5,8,15,9194,9194,True,7.126,13.89,13,21e3b5e01eb6fe3a18008c77153d884036e9c0d7b7632fe0c34bb5417b8cbd69,initial,1008acf3c313709ad9f3f33a9d892eb3439dc83d594097a0fb47ffc2ca5bbeee,49fb166c0ddf0eb40dbae55fe1123001ec63309f648b5f5183be6ab5990e240a,49fb166c0ddf0eb40dbae55fe1123001ec63309f648b5f5183be6ab5990e240a
P08874,"Mart 2024 için müşteri, ürün, ödeme planı, satış temsilcisi, teslimat şehri ve birim bazında perakende satılan adet göster.",LIVE_PASS,satılan adet,5,8,15,9818,9818,True,5.682,11.59,13,21e3b5e01eb6fe3a18008c77153d884036e9c0d7b7632fe0c34bb5417b8cbd69,initial,1008acf3c313709ad9f3f33a9d892eb3439dc83d594097a0fb47ffc2ca5bbeee,b2344da9ece52d35b2897dc3ed82ad3d5ea0cd1cb511943723975bf0a4422fd5,b2344da9ece52d35b2897dc3ed82ad3d5ea0cd1cb511943723975bf0a4422fd5
P08882,"Mart 2024 müşteri, ürün, ödeme planı, satış temsilcisi, teslimat şehri ve birim bazında perakende satış tutarı nedir?",LIVE_PASS,satış tutarı,5,8,15,9818,9818,True,3.721,9.22,13,21e3b5e01eb6fe3a18008c77153d884036e9c0d7b7632fe0c34bb5417b8cbd69,initial,1008acf3c313709ad9f3f33a9d892eb3439dc83d594097a0fb47ffc2ca5bbeee,992c4db6de43d65f78b7219e574e68a17ae0ade1c0d66582f695dcfb19a7d7cb,992c4db6de43d65f78b7219e574e68a17ae0ade1c0d66582f695dcfb19a7d7cb
P08890,"Mart 2024 müşteri, ürün, ödeme planı, satış temsilcisi, teslimat şehri ve birim bazında perakende satış satırı sayısı nedir?",LIVE_PASS,satış satırı sayısı,5,8,15,9818,9818,True,3.243,7.68,13,21e3b5e01eb6fe3a18008c77153d884036e9c0d7b7632fe0c34bb5417b8cbd69,initial,1008acf3c313709ad9f3f33a9d892eb3439dc83d594097a0fb47ffc2ca5bbeee,9a1a210b8e8ad477157d73090dd3332d3dfe974cbf296186b4ffdf04bd1217ae,9a1a210b8e8ad477157d73090dd3332d3dfe974cbf296186b4ffdf04bd1217ae
P08900,"Müşteri, ürün, ödeme planı, satış temsilcisi, teslimat şehri ve birim bazında Mart 2024 perakende net satış tutarı hesapla.",LIVE_PASS,net satış tutarı,5,8,15,9996,9996,True,3.187,7.18,13,21e3b5e01eb6fe3a18008c77153d884036e9c0d7b7632fe0c34bb5417b8cbd69,initial,1008acf3c313709ad9f3f33a9d892eb3439dc83d594097a0fb47ffc2ca5bbeee,046499fbacd52d3c5e99d0fd395cea56df4ddeac6c48d1921a062c63965d3635,046499fbacd52d3c5e99d0fd395cea56df4ddeac6c48d1921a062c63965d3635
P08908,"Müşteri, ürün, ödeme planı, satış temsilcisi, teslimat şehri ve birim bazında Nisan 2024 perakende satılan adet hesapla.",LIVE_PASS,satılan adet,5,8,15,7089,7089,True,6.216,9.28,13,21e3b5e01eb6fe3a18008c77153d884036e9c0d7b7632fe0c34bb5417b8cbd69,initial,1008acf3c313709ad9f3f33a9d892eb3439dc83d594097a0fb47ffc2ca5bbeee,0a9a0f162010ae32301a3e7827a6b4e3fd57011e8922e745e417d42422034626,0a9a0f162010ae32301a3e7827a6b4e3fd57011e8922e745e417d42422034626
P08916,"Nisan 2024 için müşteri, ürün, ödeme planı, satış temsilcisi, teslimat şehri ve birim bazında perakende satış tutarı göster.",LIVE_PASS,satış tutarı,5,8,15,7089,7089,True,2.886,6.57,13,21e3b5e01eb6fe3a18008c77153d884036e9c0d7b7632fe0c34bb5417b8cbd69,initial,1008acf3c313709ad9f3f33a9d892eb3439dc83d594097a0fb47ffc2ca5bbeee,39cd5ad9995d683a5a79ab9897c2a78938710df920c5b56cc4fe4605e2b63841,39cd5ad9995d683a5a79ab9897c2a78938710df920c5b56cc4fe4605e2b63841
P08924,"Nisan 2024 için müşteri, ürün, ödeme planı, satış temsilcisi, teslimat şehri ve birim bazında perakende satış satırı sayısı göster.",LIVE_PASS,satış satırı sayısı,5,8,15,7089,7089,True,3.313,6.56,13,21e3b5e01eb6fe3a18008c77153d884036e9c0d7b7632fe0c34bb5417b8cbd69,initial,1008acf3c313709ad9f3f33a9d892eb3439dc83d594097a0fb47ffc2ca5bbeee,d90f9f887615f7c80aea71d2443ba52b71aacdc4c2047dfcc70c75e08cfa9b10,d90f9f887615f7c80aea71d2443ba52b71aacdc4c2047dfcc70c75e08cfa9b10
P08932,"Nisan 2024 müşteri, ürün, ödeme planı, satış temsilcisi, teslimat şehri ve birim bazında perakende net satış tutarı nedir?",LIVE_PASS,net satış tutarı,5,8,15,7238,7238,True,3.169,6.17,13,21e3b5e01eb6fe3a18008c77153d884036e9c0d7b7632fe0c34bb5417b8cbd69,initial,1008acf3c313709ad9f3f33a9d892eb3439dc83d594097a0fb47ffc2ca5bbeee,0bae1bcdfaab44ac5f6b7ff11c4955cbed04b55603fddcbe22c0a67a1eec8c25,0bae1bcdfaab44ac5f6b7ff11c4955cbed04b55603fddcbe22c0a67a1eec8c25
P08940,"Mayıs 2024 müşteri, ürün, ödeme planı, satış temsilcisi, teslimat şehri ve birim bazında perakende satılan adet nedir?",LIVE_PASS,satılan adet,5,8,15,11718,11718,True,3.264,9.49,13,21e3b5e01eb6fe3a18008c77153d884036e9c0d7b7632fe0c34bb5417b8cbd69,initial,1008acf3c313709ad9f3f33a9d892eb3439dc83d594097a0fb47ffc2ca5bbeee,e105c1ab1296119ed6890ec9c44044448fa916840936530e0a771be45d5ad3ff,e105c1ab1296119ed6890ec9c44044448fa916840936530e0a771be45d5ad3ff
P08950,"Müşteri, ürün, ödeme planı, satış temsilcisi, teslimat şehri ve birim bazında Mayıs 2024 perakende satış tutarı hesapla.",LIVE_PASS,satış tutarı,5,8,15,11718,11718,True,4.383,9.52,13,21e3b5e01eb6fe3a18008c77153d884036e9c0d7b7632fe0c34bb5417b8cbd69,initial,1008acf3c313709ad9f3f33a9d892eb3439dc83d594097a0fb47ffc2ca5bbeee,1a92ab13e6eba73f9ea0361b47380bee0218a7c9413f13776e89da26ec00e132,1a92ab13e6eba73f9ea0361b47380bee0218a7c9413f13776e89da26ec00e132
P08958,"Müşteri, ürün, ödeme planı, satış temsilcisi, teslimat şehri ve birim bazında Mayıs 2024 perakende satış satırı sayısı hesapla.",LIVE_PASS,satış satırı sayısı,5,8,15,11718,11718,True,4.264,10.69,13,21e3b5e01eb6fe3a18008c77153d884036e9c0d7b7632fe0c34bb5417b8cbd69,initial,1008acf3c313709ad9f3f33a9d892eb3439dc83d594097a0fb47ffc2ca5bbeee,0b595904de559e3a2121478d6db24c295ab84798cc5143a1dcd03ec4cca06e8f,0b595904de559e3a2121478d6db24c295ab84798cc5143a1dcd03ec4cca06e8f
P08966,"Mayıs 2024 için müşteri, ürün, ödeme planı, satış temsilcisi, teslimat şehri ve birim bazında perakende net satış tutarı göster.",LIVE_PASS,net satış tutarı,5,8,15,11770,11770,True,9.882,15.73,13,21e3b5e01eb6fe3a18008c77153d884036e9c0d7b7632fe0c34bb5417b8cbd69,initial,1008acf3c313709ad9f3f33a9d892eb3439dc83d594097a0fb47ffc2ca5bbeee,fa5104a2fc552c5679aedbeb8f2e284294427b4832814425c49fe2ecfe62c05d,fa5104a2fc552c5679aedbeb8f2e284294427b4832814425c49fe2ecfe62c05d
P08974,"Haziran 2024 için müşteri, ürün, ödeme planı, satış temsilcisi, teslimat şehri ve birim bazında perakende satılan adet göster.",LIVE_PASS,satılan adet,5,8,15,14260,14260,True,5.206,13.28,13,21e3b5e01eb6fe3a18008c77153d884036e9c0d7b7632fe0c34bb5417b8cbd69,initial,1008acf3c313709ad9f3f33a9d892eb3439dc83d594097a0fb47ffc2ca5bbeee,7f1b0465b3da8dc914886a70993f819f8daf2d66e8f77272c93f46243f857723,7f1b0465b3da8dc914886a70993f819f8daf2d66e8f77272c93f46243f857723
P08982,"Haziran 2024 müşteri, ürün, ödeme planı, satış temsilcisi, teslimat şehri ve birim bazında perakende satış tutarı nedir?",LIVE_PASS,satış tutarı,5,8,15,14260,14260,True,3.204,9.52,13,21e3b5e01eb6fe3a18008c77153d884036e9c0d7b7632fe0c34bb5417b8cbd69,initial,1008acf3c313709ad9f3f33a9d892eb3439dc83d594097a0fb47ffc2ca5bbeee,0222bd094cfa12a9e8e994a903855947cb0aa7fcfee4d1913617214156393b1c,0222bd094cfa12a9e8e994a903855947cb0aa7fcfee4d1913617214156393b1c
P08990,"Haziran 2024 müşteri, ürün, ödeme planı, satış temsilcisi, teslimat şehri ve birim bazında perakende satış satırı sayısı nedir?",LIVE_PASS,satış satırı sayısı,5,8,15,14260,14260,True,4.185,11.3,13,21e3b5e01eb6fe3a18008c77153d884036e9c0d7b7632fe0c34bb5417b8cbd69,initial,1008acf3c313709ad9f3f33a9d892eb3439dc83d594097a0fb47ffc2ca5bbeee,0891aa0593d030ecae9729a14e7994cf5a20b0168c843acc497198e151487430,0891aa0593d030ecae9729a14e7994cf5a20b0168c843acc497198e151487430
P09000,"Müşteri, ürün, ödeme planı, satış temsilcisi, teslimat şehri ve birim bazında Haziran 2024 perakende net satış tutarı hesapla.",LIVE_PASS,net satış tutarı,5,8,15,14260,14260,True,5.979,15.17,13,21e3b5e01eb6fe3a18008c77153d884036e9c0d7b7632fe0c34bb5417b8cbd69,initial,1008acf3c313709ad9f3f33a9d892eb3439dc83d594097a0fb47ffc2ca5bbeee,0222bd094cfa12a9e8e994a903855947cb0aa7fcfee4d1913617214156393b1c,0222bd094cfa12a9e8e994a903855947cb0aa7fcfee4d1913617214156393b1c
P09008,"Müşteri, ürün, ödeme planı, satış temsilcisi, teslimat şehri ve birim bazında Temmuz 2024 perakende satılan adet hesapla.",LIVE_PASS,satılan adet,5,8,15,13982,13982,True,7.856,16.47,13,21e3b5e01eb6fe3a18008c77153d884036e9c0d7b7632fe0c34bb5417b8cbd69,retention,77ce1780bfa85598326a11b5af11d01abf246797d5ffb748f18223e1e720f05e,5877908469a3843d610f7483cbd8004d8c16d48146fa9e410ef409ab29da3ff8,5877908469a3843d610f7483cbd8004d8c16d48146fa9e410ef409ab29da3ff8
P09016,"Temmuz 2024 için müşteri, ürün, ödeme planı, satış temsilcisi, teslimat şehri ve birim bazında perakende satış tutarı göster.",LIVE_PASS,satış tutarı,5,8,15,13982,13982,True,8.913,21.24,13,21e3b5e01eb6fe3a18008c77153d884036e9c0d7b7632fe0c34bb5417b8cbd69,retention,77ce1780bfa85598326a11b5af11d01abf246797d5ffb748f18223e1e720f05e,ba327dde2d68544386f675ac12d1b52418df0bf1c83550a7e7f9a82d7fb976ff,ba327dde2d68544386f675ac12d1b52418df0bf1c83550a7e7f9a82d7fb976ff
P09024,"Temmuz 2024 için müşteri, ürün, ödeme planı, satış temsilcisi, teslimat şehri ve birim bazında perakende satış satırı sayısı göster.",LIVE_PASS,satış satırı sayısı,5,8,15,13982,13982,True,10.611,19.67,13,21e3b5e01eb6fe3a18008c77153d884036e9c0d7b7632fe0c34bb5417b8cbd69,retention,77ce1780bfa85598326a11b5af11d01abf246797d5ffb748f18223e1e720f05e,71e62849142f75eb4f7d05902d5c1018ec741590d9f0f14d4d391800ca7a23d1,71e62849142f75eb4f7d05902d5c1018ec741590d9f0f14d4d391800ca7a23d1
P09032,"Temmuz 2024 müşteri, ürün, ödeme planı, satış temsilcisi, teslimat şehri ve birim bazında perakende net satış tutarı nedir?",LIVE_PASS,net satış tutarı,5,8,15,14056,14056,True,4.042,10.13,13,21e3b5e01eb6fe3a18008c77153d884036e9c0d7b7632fe0c34bb5417b8cbd69,retention,77ce1780bfa85598326a11b5af11d01abf246797d5ffb748f18223e1e720f05e,9f99e1c6381ff7bb4424c967bce28c2f7a4615ef7c82a5f32a94e5acd911e4ef,9f99e1c6381ff7bb4424c967bce28c2f7a4615ef7c82a5f32a94e5acd911e4ef
P09040,"Ağustos 2024 müşteri, ürün, ödeme planı, satış temsilcisi, teslimat şehri ve birim bazında perakende satılan adet nedir?",LIVE_PASS,satılan adet,5,8,15,10582,10582,True,3.802,8.54,13,21e3b5e01eb6fe3a18008c77153d884036e9c0d7b7632fe0c34bb5417b8cbd69,retention,77ce1780bfa85598326a11b5af11d01abf246797d5ffb748f18223e1e720f05e,c56d8b4ede1de24d9c877adf3a8b7c833f97eb924aa6fcbbb0a4e7675e02ed43,c56d8b4ede1de24d9c877adf3a8b7c833f97eb924aa6fcbbb0a4e7675e02ed43
P09050,"Müşteri, ürün, ödeme planı, satış temsilcisi, teslimat şehri ve birim bazında Ağustos 2024 perakende satış tutarı hesapla.",LIVE_PASS,satış tutarı,5,8,15,10582,10582,True,3.66,8.18,13,21e3b5e01eb6fe3a18008c77153d884036e9c0d7b7632fe0c34bb5417b8cbd69,retention,77ce1780bfa85598326a11b5af11d01abf246797d5ffb748f18223e1e720f05e,dbf0b21e09b223c80ab9c6aaf7e57e38b3f452260acb262833c31de31e51cf40,dbf0b21e09b223c80ab9c6aaf7e57e38b3f452260acb262833c31de31e51cf40
P09058,"Müşteri, ürün, ödeme planı, satış temsilcisi, teslimat şehri ve birim bazında Ağustos 2024 perakende satış satırı sayısı hesapla.",LIVE_PASS,satış satırı sayısı,5,8,15,10582,10582,True,4.05,8.91,13,21e3b5e01eb6fe3a18008c77153d884036e9c0d7b7632fe0c34bb5417b8cbd69,retention,77ce1780bfa85598326a11b5af11d01abf246797d5ffb748f18223e1e720f05e,c9bececbc3be9a0eb0c7f6ee34c22b6fc79f68f1852206b2cbf52d7a43d26c30,c9bececbc3be9a0eb0c7f6ee34c22b6fc79f68f1852206b2cbf52d7a43d26c30
P09066,"Ağustos 2024 için müşteri, ürün, ödeme planı, satış temsilcisi, teslimat şehri ve birim bazında perakende net satış tutarı göster.",LIVE_PASS,net satış tutarı,5,8,15,10893,10893,True,3.544,9.83,13,21e3b5e01eb6fe3a18008c77153d884036e9c0d7b7632fe0c34bb5417b8cbd69,retention,77ce1780bfa85598326a11b5af11d01abf246797d5ffb748f18223e1e720f05e,25ff50f7d93a852a5fffd9c131645950bd75a0fbe3f19611bb0be604c4da52e0,25ff50f7d93a852a5fffd9c131645950bd75a0fbe3f19611bb0be604c4da52e0
P09204,"Ocak 2025 müşteri, ürün, ödeme planı, satış temsilcisi, teslimat şehri ve birim bazında toptan satılan adet nedir?",LIVE_PASS,satılan adet,5,8,15,49663,49663,True,9.91,30.27,13,21e3b5e01eb6fe3a18008c77153d884036e9c0d7b7632fe0c34bb5417b8cbd69,retention,77ce1780bfa85598326a11b5af11d01abf246797d5ffb748f18223e1e720f05e,545e2560235d8595f31d749aa61b4476f355704e97cdbf3a5bbca3b86e4acc2e,545e2560235d8595f31d749aa61b4476f355704e97cdbf3a5bbca3b86e4acc2e
P09214,"Müşteri, ürün, ödeme planı, satış temsilcisi, teslimat şehri ve birim bazında Ocak 2025 toptan satış tutarı hesapla.",LIVE_PASS,satış tutarı,5,8,15,49663,49663,True,6.841,26.12,13,21e3b5e01eb6fe3a18008c77153d884036e9c0d7b7632fe0c34bb5417b8cbd69,retention,77ce1780bfa85598326a11b5af11d01abf246797d5ffb748f18223e1e720f05e,0a4a95f94b1b02eb34b4bb57897b2d64b3e2dc72f9f51426ac4d719e5e6f6840,0a4a95f94b1b02eb34b4bb57897b2d64b3e2dc72f9f51426ac4d719e5e6f6840
P09222,"Müşteri, ürün, ödeme planı, satış temsilcisi, teslimat şehri ve birim bazında Ocak 2025 toptan satış satırı sayısı hesapla.",LIVE_PASS,satış satırı sayısı,5,8,15,49663,49663,True,7.106,25.46,13,21e3b5e01eb6fe3a18008c77153d884036e9c0d7b7632fe0c34bb5417b8cbd69,retention,77ce1780bfa85598326a11b5af11d01abf246797d5ffb748f18223e1e720f05e,f5fe166a2665f5a740488d8104fb4c00693891c8e194b0db03e3e5c9d097664e,f5fe166a2665f5a740488d8104fb4c00693891c8e194b0db03e3e5c9d097664e
P09230,"Ocak 2025 için müşteri, ürün, ödeme planı, satış temsilcisi, teslimat şehri ve birim bazında toptan net satış tutarı göster.",LIVE_PASS,net satış tutarı,5,8,15,54703,54703,True,5.901,27.92,13,21e3b5e01eb6fe3a18008c77153d884036e9c0d7b7632fe0c34bb5417b8cbd69,retention,77ce1780bfa85598326a11b5af11d01abf246797d5ffb748f18223e1e720f05e,ba39c5cf5a7e01d36748a0f1ff8926633c508f0f669d243cfada35b19983873b,ba39c5cf5a7e01d36748a0f1ff8926633c508f0f669d243cfada35b19983873b
P09238,"Şubat 2025 için müşteri, ürün, ödeme planı, satış temsilcisi, teslimat şehri ve birim bazında toptan satılan adet göster.",LIVE_PASS,satılan adet,5,8,15,58664,58664,True,6.958,29.86,13,21e3b5e01eb6fe3a18008c77153d884036e9c0d7b7632fe0c34bb5417b8cbd69,retention,77ce1780bfa85598326a11b5af11d01abf246797d5ffb748f18223e1e720f05e,43704f195015266f18c75ebe1b2da7426c296e3ae1f0683820afddbbea791390,43704f195015266f18c75ebe1b2da7426c296e3ae1f0683820afddbbea791390
P09246,"Şubat 2025 müşteri, ürün, ödeme planı, satış temsilcisi, teslimat şehri ve birim bazında toptan satış tutarı nedir?",LIVE_PASS,satış tutarı,5,8,15,58664,58664,True,23.797,47.76,13,21e3b5e01eb6fe3a18008c77153d884036e9c0d7b7632fe0c34bb5417b8cbd69,retention,77ce1780bfa85598326a11b5af11d01abf246797d5ffb748f18223e1e720f05e,58701133501769b5ba5318b5e75a6e76b3bfb5f8dd1f4e7530b635db2bd0c635,58701133501769b5ba5318b5e75a6e76b3bfb5f8dd1f4e7530b635db2bd0c635
P09254,"Şubat 2025 müşteri, ürün, ödeme planı, satış temsilcisi, teslimat şehri ve birim bazında toptan satış satırı sayısı nedir?",LIVE_PASS,satış satırı sayısı,5,8,15,58664,58664,True,5.992,29.13,13,21e3b5e01eb6fe3a18008c77153d884036e9c0d7b7632fe0c34bb5417b8cbd69,retention,77ce1780bfa85598326a11b5af11d01abf246797d5ffb748f18223e1e720f05e,ad14576ecfddbbdbf134cef332614c628294f2934228ffe567217a7d8c8ba86a,ad14576ecfddbbdbf134cef332614c628294f2934228ffe567217a7d8c8ba86a
P09264,"Müşteri, ürün, ödeme planı, satış temsilcisi, teslimat şehri ve birim bazında Şubat 2025 toptan net satış tutarı hesapla.",LIVE_PASS,net satış tutarı,5,8,15,64438,64438,True,7.016,33.05,13,21e3b5e01eb6fe3a18008c77153d884036e9c0d7b7632fe0c34bb5417b8cbd69,retention,77ce1780bfa85598326a11b5af11d01abf246797d5ffb748f18223e1e720f05e,5edd5421cbb30fe320ab417d34d4a1927a794cebd77d63f4875ad049d336dce4,5edd5421cbb30fe320ab417d34d4a1927a794cebd77d63f4875ad049d336dce4
P09272,"Müşteri, ürün, ödeme planı, satış temsilcisi, teslimat şehri ve birim bazında Mart 2025 toptan satılan adet hesapla.",LIVE_PASS,satılan adet,5,8,15,45666,45666,True,7.745,26.63,13,21e3b5e01eb6fe3a18008c77153d884036e9c0d7b7632fe0c34bb5417b8cbd69,retention,77ce1780bfa85598326a11b5af11d01abf246797d5ffb748f18223e1e720f05e,9119ca7cac0a59066abce5322aa42af849565a3e63320dd891ba3dae41751e63,9119ca7cac0a59066abce5322aa42af849565a3e63320dd891ba3dae41751e63
P09280,"Mart 2025 için müşteri, ürün, ödeme planı, satış temsilcisi, teslimat şehri ve birim bazında toptan satış tutarı göster.",LIVE_PASS,satış tutarı,5,8,15,45666,45666,True,5.187,24.82,13,21e3b5e01eb6fe3a18008c77153d884036e9c0d7b7632fe0c34bb5417b8cbd69,retention,77ce1780bfa85598326a11b5af11d01abf246797d5ffb748f18223e1e720f05e,a0d3e57723cffc660e3bdf2a7dda184a8b13d0956deab07d4e741330cb4264d8,a0d3e57723cffc660e3bdf2a7dda184a8b13d0956deab07d4e741330cb4264d8
P09288,"Mart 2025 için müşteri, ürün, ödeme planı, satış temsilcisi, teslimat şehri ve birim bazında toptan satış satırı sayısı göster.",LIVE_PASS,satış satırı sayısı,5,8,15,45666,45666,True,5.634,24.75,13,21e3b5e01eb6fe3a18008c77153d884036e9c0d7b7632fe0c34bb5417b8cbd69,retention,77ce1780bfa85598326a11b5af11d01abf246797d5ffb748f18223e1e720f05e,3b1d5886fe0451de065fb30661cdff7d1d8ff6c72b0e12416421a745eb20bb94,3b1d5886fe0451de065fb30661cdff7d1d8ff6c72b0e12416421a745eb20bb94
P09296,"Mart 2025 müşteri, ürün, ödeme planı, satış temsilcisi, teslimat şehri ve birim bazında toptan net satış tutarı nedir?",LIVE_PASS,net satış tutarı,5,8,15,52275,52275,True,8.507,32.09,13,21e3b5e01eb6fe3a18008c77153d884036e9c0d7b7632fe0c34bb5417b8cbd69,retention,77ce1780bfa85598326a11b5af11d01abf246797d5ffb748f18223e1e720f05e,a2d3bc1dc5f714a9f00dd2336c0aad48f0d41aeef16ad1fd3f63984f9127328c,a2d3bc1dc5f714a9f00dd2336c0aad48f0d41aeef16ad1fd3f63984f9127328c
P09304,"Nisan 2025 müşteri, ürün, ödeme planı, satış temsilcisi, teslimat şehri ve birim bazında toptan satılan adet nedir?",LIVE_PASS,satılan adet,5,8,15,59299,59299,True,7.797,30.34,13,21e3b5e01eb6fe3a18008c77153d884036e9c0d7b7632fe0c34bb5417b8cbd69,retention,77ce1780bfa85598326a11b5af11d01abf246797d5ffb748f18223e1e720f05e,3bc2d881d60dd0df963c4e67daf30355168f99c8c9f43a874a48e6475882dbcb,3bc2d881d60dd0df963c4e67daf30355168f99c8c9f43a874a48e6475882dbcb
P09314,"Müşteri, ürün, ödeme planı, satış temsilcisi, teslimat şehri ve birim bazında Nisan 2025 toptan satış tutarı hesapla.",LIVE_PASS,satış tutarı,5,8,15,59299,59299,True,6.093,30.59,13,21e3b5e01eb6fe3a18008c77153d884036e9c0d7b7632fe0c34bb5417b8cbd69,retention,77ce1780bfa85598326a11b5af11d01abf246797d5ffb748f18223e1e720f05e,a9c72defbff834d01fc28d6bb2fe123e225304bef566d134d18d1f05a7cd50eb,a9c72defbff834d01fc28d6bb2fe123e225304bef566d134d18d1f05a7cd50eb
P09322,"Müşteri, ürün, ödeme planı, satış temsilcisi, teslimat şehri ve birim bazında Nisan 2025 toptan satış satırı sayısı hesapla.",LIVE_PASS,satış satırı sayısı,5,8,15,59299,59299,True,6.026,29.17,13,21e3b5e01eb6fe3a18008c77153d884036e9c0d7b7632fe0c34bb5417b8cbd69,retention,77ce1780bfa85598326a11b5af11d01abf246797d5ffb748f18223e1e720f05e,093ce9e94d9874a218860c1f3a4ef92598144687579e3ef8ba0d266839710ef4,093ce9e94d9874a218860c1f3a4ef92598144687579e3ef8ba0d266839710ef4
P09330,"Nisan 2025 için müşteri, ürün, ödeme planı, satış temsilcisi, teslimat şehri ve birim bazında toptan net satış tutarı göster.",LIVE_PASS,net satış tutarı,5,8,15,67217,67217,True,10.399,36.9,13,21e3b5e01eb6fe3a18008c77153d884036e9c0d7b7632fe0c34bb5417b8cbd69,timestamp,6272a2c78891dbd331a15fbd9acabba38e748332e4bfca2e542f4bde06ef0a44,a18af65f4b2bb38ad6d5423e05a5c44a92e120a064dedc19ead5575fa2fb9ef7,a18af65f4b2bb38ad6d5423e05a5c44a92e120a064dedc19ead5575fa2fb9ef7
P09338,"Mayıs 2025 için müşteri, ürün, ödeme planı, satış temsilcisi, teslimat şehri ve birim bazında toptan satılan adet göster.",LIVE_PASS,satılan adet,5,8,15,46953,46953,True,5.516,37.56,13,21e3b5e01eb6fe3a18008c77153d884036e9c0d7b7632fe0c34bb5417b8cbd69,timestamp,6272a2c78891dbd331a15fbd9acabba38e748332e4bfca2e542f4bde06ef0a44,f07b5a167e081d38cdddd7282f22f3ade0abef8543c9fb332948ab121640eaff,f07b5a167e081d38cdddd7282f22f3ade0abef8543c9fb332948ab121640eaff
P09346,"Mayıs 2025 müşteri, ürün, ödeme planı, satış temsilcisi, teslimat şehri ve birim bazında toptan satış tutarı nedir?",LIVE_PASS,satış tutarı,5,8,15,46953,46953,True,7.744,28.02,13,21e3b5e01eb6fe3a18008c77153d884036e9c0d7b7632fe0c34bb5417b8cbd69,timestamp,6272a2c78891dbd331a15fbd9acabba38e748332e4bfca2e542f4bde06ef0a44,882ca926944a91a25f1f1415c59f72acd3c1e42acd153275f1341607c6ea7e04,882ca926944a91a25f1f1415c59f72acd3c1e42acd153275f1341607c6ea7e04
P09354,"Mayıs 2025 müşteri, ürün, ödeme planı, satış temsilcisi, teslimat şehri ve birim bazında toptan satış satırı sayısı nedir?",LIVE_PASS,satış satırı sayısı,5,8,15,46953,46953,True,4.574,22.73,13,21e3b5e01eb6fe3a18008c77153d884036e9c0d7b7632fe0c34bb5417b8cbd69,timestamp,6272a2c78891dbd331a15fbd9acabba38e748332e4bfca2e542f4bde06ef0a44,abea2f286cb80fe58da89c6e17b560ef7ba19b451aa843aa4086978cbd2a5117,abea2f286cb80fe58da89c6e17b560ef7ba19b451aa843aa4086978cbd2a5117
P09364,"Müşteri, ürün, ödeme planı, satış temsilcisi, teslimat şehri ve birim bazında Mayıs 2025 toptan net satış tutarı hesapla.",LIVE_PASS,net satış tutarı,5,8,15,59386,59386,True,9.527,18.53,13,21e3b5e01eb6fe3a18008c77153d884036e9c0d7b7632fe0c34bb5417b8cbd69,buffered-transfer,0d2dea198c1bfa66dcac4fdcb5254030495fde44cfec0821c1382166894fccde,00da05bd536b6eb9d099f3d95a9966108257cb168f0089cad9a55365111d137b,00da05bd536b6eb9d099f3d95a9966108257cb168f0089cad9a55365111d137b
P09372,"Müşteri, ürün, ödeme planı, satış temsilcisi, teslimat şehri ve birim bazında Haziran 2025 toptan satılan adet hesapla.",LIVE_PASS,satılan adet,5,8,15,41626,41626,True,5.77,11.99,13,21e3b5e01eb6fe3a18008c77153d884036e9c0d7b7632fe0c34bb5417b8cbd69,buffered-transfer,0d2dea198c1bfa66dcac4fdcb5254030495fde44cfec0821c1382166894fccde,68e996c283724b3296996c9e92222edb2406995cf46a69e8b8aa0e556ee8e05c,68e996c283724b3296996c9e92222edb2406995cf46a69e8b8aa0e556ee8e05c
P09380,"Haziran 2025 için müşteri, ürün, ödeme planı, satış temsilcisi, teslimat şehri ve birim bazında toptan satış tutarı göster.",LIVE_PASS,satış tutarı,5,8,15,41626,41626,True,4.74,13.32,13,21e3b5e01eb6fe3a18008c77153d884036e9c0d7b7632fe0c34bb5417b8cbd69,buffered-transfer,0d2dea198c1bfa66dcac4fdcb5254030495fde44cfec0821c1382166894fccde,e3de53b931bbf8689f5ff97d7705320813f06891bb8167cfee81b118d111e867,e3de53b931bbf8689f5ff97d7705320813f06891bb8167cfee81b118d111e867
P09388,"Haziran 2025 için müşteri, ürün, ödeme planı, satış temsilcisi, teslimat şehri ve birim bazında toptan satış satırı sayısı göster.",LIVE_PASS,satış satırı sayısı,5,8,15,41626,41626,True,5.082,11.8,13,21e3b5e01eb6fe3a18008c77153d884036e9c0d7b7632fe0c34bb5417b8cbd69,buffered-transfer,0d2dea198c1bfa66dcac4fdcb5254030495fde44cfec0821c1382166894fccde,0877c470218c4d76145bd0cd1a2000d0654a7b61e4ba455afb285ae5e92358ac,0877c470218c4d76145bd0cd1a2000d0654a7b61e4ba455afb285ae5e92358ac
P09396,"Haziran 2025 müşteri, ürün, ödeme planı, satış temsilcisi, teslimat şehri ve birim bazında toptan net satış tutarı nedir?",LIVE_PASS,net satış tutarı,5,8,15,51357,51357,True,6.192,13.65,13,21e3b5e01eb6fe3a18008c77153d884036e9c0d7b7632fe0c34bb5417b8cbd69,buffered-transfer,0d2dea198c1bfa66dcac4fdcb5254030495fde44cfec0821c1382166894fccde,2128d04b830743e3db331fbe921b7648088a1426565911b956bec346a49ab4f3,2128d04b830743e3db331fbe921b7648088a1426565911b956bec346a49ab4f3
P09404,"Temmuz 2025 müşteri, ürün, ödeme planı, satış temsilcisi, teslimat şehri ve birim bazında toptan satılan adet nedir?",LIVE_PASS,satılan adet,5,8,15,36520,36520,True,5.295,11.03,13,21e3b5e01eb6fe3a18008c77153d884036e9c0d7b7632fe0c34bb5417b8cbd69,buffered-transfer,0d2dea198c1bfa66dcac4fdcb5254030495fde44cfec0821c1382166894fccde,7a0c8a7a77c6e4bdb723b7e10a8c48e5d85de98709dda97af094793a1306f470,7a0c8a7a77c6e4bdb723b7e10a8c48e5d85de98709dda97af094793a1306f470
P09414,"Müşteri, ürün, ödeme planı, satış temsilcisi, teslimat şehri ve birim bazında Temmuz 2025 toptan satış tutarı hesapla.",LIVE_PASS,satış tutarı,5,8,15,36520,36520,True,6.61,12.38,13,21e3b5e01eb6fe3a18008c77153d884036e9c0d7b7632fe0c34bb5417b8cbd69,buffered-transfer,0d2dea198c1bfa66dcac4fdcb5254030495fde44cfec0821c1382166894fccde,ebd2530a29255fe8f27108c88b06c3981e8c7782083439cea9386604ebe4d339,ebd2530a29255fe8f27108c88b06c3981e8c7782083439cea9386604ebe4d339
P09422,"Müşteri, ürün, ödeme planı, satış temsilcisi, teslimat şehri ve birim bazında Temmuz 2025 toptan satış satırı sayısı hesapla.",LIVE_PASS,satış satırı sayısı,5,8,15,36520,36520,True,5.362,11.65,13,21e3b5e01eb6fe3a18008c77153d884036e9c0d7b7632fe0c34bb5417b8cbd69,buffered-transfer,0d2dea198c1bfa66dcac4fdcb5254030495fde44cfec0821c1382166894fccde,b3823967df560265cae85c5508dfcc2b3b66f05aef18d1a2ce44cbd14354993e,b3823967df560265cae85c5508dfcc2b3b66f05aef18d1a2ce44cbd14354993e
P09430,"Temmuz 2025 için müşteri, ürün, ödeme planı, satış temsilcisi, teslimat şehri ve birim bazında toptan net satış tutarı göster.",LIVE_PASS,net satış tutarı,5,8,15,44579,44579,True,8.248,14.92,13,21e3b5e01eb6fe3a18008c77153d884036e9c0d7b7632fe0c34bb5417b8cbd69,buffered-transfer,0d2dea198c1bfa66dcac4fdcb5254030495fde44cfec0821c1382166894fccde,4b0e623db00c510521aae549d758d13689b3aa06e5275532930ef2c0eb417b34,4b0e623db00c510521aae549d758d13689b3aa06e5275532930ef2c0eb417b34
P09438,"Ağustos 2025 için müşteri, ürün, ödeme planı, satış temsilcisi, teslimat şehri ve birim bazında toptan satılan adet göster.",LIVE_PASS,satılan adet,5,8,15,46627,46627,True,5.392,13.32,13,21e3b5e01eb6fe3a18008c77153d884036e9c0d7b7632fe0c34bb5417b8cbd69,buffered-transfer,0d2dea198c1bfa66dcac4fdcb5254030495fde44cfec0821c1382166894fccde,b66246569470fc40f9ef0f5a7cce3f8e6cf24b6da5aadc38efa0631662f5ca2e,b66246569470fc40f9ef0f5a7cce3f8e6cf24b6da5aadc38efa0631662f5ca2e
P09446,"Ağustos 2025 müşteri, ürün, ödeme planı, satış temsilcisi, teslimat şehri ve birim bazında toptan satış tutarı nedir?",LIVE_PASS,satış tutarı,5,8,15,46627,46627,True,6.597,14.07,13,21e3b5e01eb6fe3a18008c77153d884036e9c0d7b7632fe0c34bb5417b8cbd69,buffered-transfer,0d2dea198c1bfa66dcac4fdcb5254030495fde44cfec0821c1382166894fccde,7caacf11d92f52843ee5585486bf379ed64efa4cce025dfffcf49cd7dc2ea907,7caacf11d92f52843ee5585486bf379ed64efa4cce025dfffcf49cd7dc2ea907
P09454,"Ağustos 2025 müşteri, ürün, ödeme planı, satış temsilcisi, teslimat şehri ve birim bazında toptan satış satırı sayısı nedir?",LIVE_PASS,satış satırı sayısı,5,8,15,46627,46627,True,6.136,13.89,13,21e3b5e01eb6fe3a18008c77153d884036e9c0d7b7632fe0c34bb5417b8cbd69,buffered-transfer,0d2dea198c1bfa66dcac4fdcb5254030495fde44cfec0821c1382166894fccde,31ba2da0f59ebfb0d291fb63568247c9c2cfd2c4dc3ac3881d53d2f21170381e,31ba2da0f59ebfb0d291fb63568247c9c2cfd2c4dc3ac3881d53d2f21170381e
P09464,"Müşteri, ürün, ödeme planı, satış temsilcisi, teslimat şehri ve birim bazında Ağustos 2025 toptan net satış tutarı hesapla.",LIVE_PASS,net satış tutarı,5,8,15,49949,49949,True,7.796,15.16,13,21e3b5e01eb6fe3a18008c77153d884036e9c0d7b7632fe0c34bb5417b8cbd69,buffered-transfer,0d2dea198c1bfa66dcac4fdcb5254030495fde44cfec0821c1382166894fccde,fb3a2f0f6218dea2a648c206cbd77bbc14fefe380f2aad2aa21ea44fd5045742,fb3a2f0f6218dea2a648c206cbd77bbc14fefe380f2aad2aa21ea44fd5045742
P09610,"Ocak 2026 müşteri, ürün, ödeme planı, satış temsilcisi, teslimat şehri ve birim bazında satış tutarı nedir?",LIVE_PASS,satış tutarı,5,8,15,65379,65379,True,6.243,15.01,13,21e3b5e01eb6fe3a18008c77153d884036e9c0d7b7632fe0c34bb5417b8cbd69,buffered-transfer,0d2dea198c1bfa66dcac4fdcb5254030495fde44cfec0821c1382166894fccde,f47184894e5da38c245ef9533db4425f245912d7e399cd975f20f185752a8161,f47184894e5da38c245ef9533db4425f245912d7e399cd975f20f185752a8161
P09618,"Ocak 2026 müşteri, ürün, ödeme planı, satış temsilcisi, teslimat şehri ve birim bazında satış satırı sayısı nedir?",LIVE_PASS,satış satırı sayısı,5,8,15,65379,65379,True,7.477,16.22,13,21e3b5e01eb6fe3a18008c77153d884036e9c0d7b7632fe0c34bb5417b8cbd69,buffered-transfer,0d2dea198c1bfa66dcac4fdcb5254030495fde44cfec0821c1382166894fccde,2079ec9efe59e2563b625d7bd98018483e18edab437e6a2480f8232ca4342fa6,2079ec9efe59e2563b625d7bd98018483e18edab437e6a2480f8232ca4342fa6
P09626,"Ocak 2026 müşteri, ürün, ödeme planı, satış temsilcisi, teslimat şehri ve birim bazında net satış tutarı nedir?",LIVE_PASS,net satış tutarı,5,8,15,72462,72462,True,7.579,18.05,13,21e3b5e01eb6fe3a18008c77153d884036e9c0d7b7632fe0c34bb5417b8cbd69,buffered-transfer,0d2dea198c1bfa66dcac4fdcb5254030495fde44cfec0821c1382166894fccde,7641d320f03d68e0b4445871531f2984e03540dc9ac5231bbb6e8d92525487d6,7641d320f03d68e0b4445871531f2984e03540dc9ac5231bbb6e8d92525487d6
P09644,"Şubat 2026 için müşteri, ürün, ödeme planı, satış temsilcisi, teslimat şehri ve birim bazında satış tutarı göster.",LIVE_PASS,satış tutarı,5,8,15,76942,76942,True,12.687,27.13,13,21e3b5e01eb6fe3a18008c77153d884036e9c0d7b7632fe0c34bb5417b8cbd69,buffered-transfer,0d2dea198c1bfa66dcac4fdcb5254030495fde44cfec0821c1382166894fccde,c3de7afcbd9ee70ea803f566b938ac6b9a79182af1890576c63110243ecd7770,c3de7afcbd9ee70ea803f566b938ac6b9a79182af1890576c63110243ecd7770
P09652,"Şubat 2026 için müşteri, ürün, ödeme planı, satış temsilcisi, teslimat şehri ve birim bazında satış satırı sayısı göster.",LIVE_PASS,satış satırı sayısı,5,8,15,76942,76942,True,10.226,32.66,13,21e3b5e01eb6fe3a18008c77153d884036e9c0d7b7632fe0c34bb5417b8cbd69,buffered-transfer,0d2dea198c1bfa66dcac4fdcb5254030495fde44cfec0821c1382166894fccde,1a26d0a7ee53722d764079a67491ffaf65b2252e0494957be8c0e924a4b5d172,1a26d0a7ee53722d764079a67491ffaf65b2252e0494957be8c0e924a4b5d172
P09660,"Şubat 2026 müşteri, ürün, ödeme planı, satış temsilcisi, teslimat şehri ve birim bazında net satış tutarı nedir?",LIVE_PASS,net satış tutarı,5,8,15,83587,83587,True,20.07,36.39,13,21e3b5e01eb6fe3a18008c77153d884036e9c0d7b7632fe0c34bb5417b8cbd69,buffered-transfer,0d2dea198c1bfa66dcac4fdcb5254030495fde44cfec0821c1382166894fccde,b706bce0cd10b11a0f0fcc6068ab9119f132dd19147c77e444d363ca372c85e8,b706bce0cd10b11a0f0fcc6068ab9119f132dd19147c77e444d363ca372c85e8
P09668,"Mart 2026 müşteri, ürün, ödeme planı, satış temsilcisi, teslimat şehri ve birim bazında satılan adet nedir?",LIVE_PASS,satılan adet,5,8,15,65781,65781,True,7.514,19.56,13,21e3b5e01eb6fe3a18008c77153d884036e9c0d7b7632fe0c34bb5417b8cbd69,buffered-transfer,0d2dea198c1bfa66dcac4fdcb5254030495fde44cfec0821c1382166894fccde,535479d14d5e0f97d5c74d8579624672ddcd3dbbe5076d8af3dba89253f7b5ed,535479d14d5e0f97d5c74d8579624672ddcd3dbbe5076d8af3dba89253f7b5ed
P09676,"Mart 2026 müşteri, ürün, ödeme planı, satış temsilcisi, teslimat şehri ve birim bazında satış tutarı nedir?",LIVE_PASS,satış tutarı,5,8,15,65781,65781,True,8.515,18.92,13,21e3b5e01eb6fe3a18008c77153d884036e9c0d7b7632fe0c34bb5417b8cbd69,buffered-transfer,0d2dea198c1bfa66dcac4fdcb5254030495fde44cfec0821c1382166894fccde,8f40a3736e30791dd6e7db743c57a5574561b69928fa4a9d10a0e7680159e68b,8f40a3736e30791dd6e7db743c57a5574561b69928fa4a9d10a0e7680159e68b
P09686,"Müşteri, ürün, ödeme planı, satış temsilcisi, teslimat şehri ve birim bazında Mart 2026 satış satırı sayısı hesapla.",LIVE_PASS,satış satırı sayısı,5,8,15,65781,65781,True,9.412,20.0,13,21e3b5e01eb6fe3a18008c77153d884036e9c0d7b7632fe0c34bb5417b8cbd69,buffered-transfer,0d2dea198c1bfa66dcac4fdcb5254030495fde44cfec0821c1382166894fccde,69331cfa3d121b7e32b694cb57bfbb89ec496a4c289f8a4b57770ebe4e4f47fe,69331cfa3d121b7e32b694cb57bfbb89ec496a4c289f8a4b57770ebe4e4f47fe
P09694,"Mart 2026 için müşteri, ürün, ödeme planı, satış temsilcisi, teslimat şehri ve birim bazında net satış tutarı göster.",LIVE_PASS,net satış tutarı,5,8,15,70508,70508,True,9.888,21.4,13,21e3b5e01eb6fe3a18008c77153d884036e9c0d7b7632fe0c34bb5417b8cbd69,buffered-transfer,0d2dea198c1bfa66dcac4fdcb5254030495fde44cfec0821c1382166894fccde,6111b63a041a0545022be613d56884c47ff99c3646be4e22cd892547ee79dc83,6111b63a041a0545022be613d56884c47ff99c3646be4e22cd892547ee79dc83
P09702,"Nisan 2026 için müşteri, ürün, ödeme planı, satış temsilcisi, teslimat şehri ve birim bazında satılan adet göster.",LIVE_PASS,satılan adet,5,8,15,77503,77503,True,9.056,19.68,13,21e3b5e01eb6fe3a18008c77153d884036e9c0d7b7632fe0c34bb5417b8cbd69,buffered-transfer,0d2dea198c1bfa66dcac4fdcb5254030495fde44cfec0821c1382166894fccde,ff931e1286a66c2d970ce84adf8b1854ac772812f15c54103090bff2ce3a067f,ff931e1286a66c2d970ce84adf8b1854ac772812f15c54103090bff2ce3a067f
P09710,"Nisan 2026 müşteri, ürün, ödeme planı, satış temsilcisi, teslimat şehri ve birim bazında satış tutarı nedir?",LIVE_PASS,satış tutarı,5,8,15,77503,77503,True,7.467,18.07,13,21e3b5e01eb6fe3a18008c77153d884036e9c0d7b7632fe0c34bb5417b8cbd69,buffered-transfer,0d2dea198c1bfa66dcac4fdcb5254030495fde44cfec0821c1382166894fccde,109e0b4c2207dd012de8936c1c12617be9db077dea16ef2a057b594701b9a329,109e0b4c2207dd012de8936c1c12617be9db077dea16ef2a057b594701b9a329
P09718,"Nisan 2026 müşteri, ürün, ödeme planı, satış temsilcisi, teslimat şehri ve birim bazında satış satırı sayısı nedir?",LIVE_PASS,satış satırı sayısı,5,8,15,77503,77503,True,7.502,19.5,13,21e3b5e01eb6fe3a18008c77153d884036e9c0d7b7632fe0c34bb5417b8cbd69,buffered-transfer,0d2dea198c1bfa66dcac4fdcb5254030495fde44cfec0821c1382166894fccde,ffe585f0daa838d2872ed651596a701ea57d1ac40b8ddf9d063d19ef51707a90,ffe585f0daa838d2872ed651596a701ea57d1ac40b8ddf9d063d19ef51707a90
P09726,"Nisan 2026 müşteri, ürün, ödeme planı, satış temsilcisi, teslimat şehri ve birim bazında net satış tutarı nedir?",LIVE_PASS,net satış tutarı,5,8,15,85703,85703,True,15.185,29.25,13,21e3b5e01eb6fe3a18008c77153d884036e9c0d7b7632fe0c34bb5417b8cbd69,buffered-transfer,0d2dea198c1bfa66dcac4fdcb5254030495fde44cfec0821c1382166894fccde,ce0b49dfbb9bdf650e55c11b97d0955e50f209ac8edfaf5f9b79f5a58ac47657,ce0b49dfbb9bdf650e55c11b97d0955e50f209ac8edfaf5f9b79f5a58ac47657
P09736,"Müşteri, ürün, ödeme planı, satış temsilcisi, teslimat şehri ve birim bazında Mayıs 2026 satılan adet hesapla.",LIVE_PASS,satılan adet,5,8,15,56042,56042,True,6.927,15.84,13,21e3b5e01eb6fe3a18008c77153d884036e9c0d7b7632fe0c34bb5417b8cbd69,buffered-transfer,0d2dea198c1bfa66dcac4fdcb5254030495fde44cfec0821c1382166894fccde,6376d2e9952532d67e4f79918132c06c32789372891961a2c5b5f84390313ab2,6376d2e9952532d67e4f79918132c06c32789372891961a2c5b5f84390313ab2
P09744,"Mayıs 2026 için müşteri, ürün, ödeme planı, satış temsilcisi, teslimat şehri ve birim bazında satış tutarı göster.",LIVE_PASS,satış tutarı,5,8,15,56042,56042,True,6.523,15.08,13,21e3b5e01eb6fe3a18008c77153d884036e9c0d7b7632fe0c34bb5417b8cbd69,buffered-transfer,0d2dea198c1bfa66dcac4fdcb5254030495fde44cfec0821c1382166894fccde,56693d163cfec1e5c8f0eeeaaaddfa6073708f99d04e1940dca5c8722c329656,56693d163cfec1e5c8f0eeeaaaddfa6073708f99d04e1940dca5c8722c329656
P09752,"Mayıs 2026 için müşteri, ürün, ödeme planı, satış temsilcisi, teslimat şehri ve birim bazında satış satırı sayısı göster.",LIVE_PASS,satış satırı sayısı,5,8,15,56042,56042,True,6.446,14.06,13,21e3b5e01eb6fe3a18008c77153d884036e9c0d7b7632fe0c34bb5417b8cbd69,buffered-transfer,0d2dea198c1bfa66dcac4fdcb5254030495fde44cfec0821c1382166894fccde,3af2562af5a80ea8ac1f873e11871f686c63a85d894985b4d2f763e6225a655a,3af2562af5a80ea8ac1f873e11871f686c63a85d894985b4d2f763e6225a655a
P09760,"Mayıs 2026 müşteri, ürün, ödeme planı, satış temsilcisi, teslimat şehri ve birim bazında net satış tutarı nedir?",LIVE_PASS,net satış tutarı,5,8,15,66980,66980,True,6.724,16.82,13,21e3b5e01eb6fe3a18008c77153d884036e9c0d7b7632fe0c34bb5417b8cbd69,buffered-transfer,0d2dea198c1bfa66dcac4fdcb5254030495fde44cfec0821c1382166894fccde,58340dd08d918df6c2eb6c064430c010da407e121c4f791dd376beb2f14a54bb,58340dd08d918df6c2eb6c064430c010da407e121c4f791dd376beb2f14a54bb
P09768,"Haziran 2026 müşteri, ürün, ödeme planı, satış temsilcisi, teslimat şehri ve birim bazında satılan adet nedir?",LIVE_PASS,satılan adet,5,8,15,66128,66128,True,8.043,17.58,13,21e3b5e01eb6fe3a18008c77153d884036e9c0d7b7632fe0c34bb5417b8cbd69,buffered-transfer,0d2dea198c1bfa66dcac4fdcb5254030495fde44cfec0821c1382166894fccde,2f54d404e97d2af92d511b46eeeddd0b2d63486e68722ff729df9bd40062641e,2f54d404e97d2af92d511b46eeeddd0b2d63486e68722ff729df9bd40062641e
P09776,"Haziran 2026 müşteri, ürün, ödeme planı, satış temsilcisi, teslimat şehri ve birim bazında satış tutarı nedir?",LIVE_PASS,satış tutarı,5,8,15,66128,66128,True,6.439,15.39,13,21e3b5e01eb6fe3a18008c77153d884036e9c0d7b7632fe0c34bb5417b8cbd69,buffered-transfer,0d2dea198c1bfa66dcac4fdcb5254030495fde44cfec0821c1382166894fccde,8725ceba672bafb27d14383cfb89ed02216b2f5c8a91cd157c8c0768913fbe9d,8725ceba672bafb27d14383cfb89ed02216b2f5c8a91cd157c8c0768913fbe9d
P09786,"Müşteri, ürün, ödeme planı, satış temsilcisi, teslimat şehri ve birim bazında Haziran 2026 satış satırı sayısı hesapla.",LIVE_PASS,satış satırı sayısı,5,8,15,66128,66128,True,6.89,16.14,13,21e3b5e01eb6fe3a18008c77153d884036e9c0d7b7632fe0c34bb5417b8cbd69,buffered-transfer,0d2dea198c1bfa66dcac4fdcb5254030495fde44cfec0821c1382166894fccde,010bef8d0ab42c2e3c7ddc94d66c03670d6cc5a4f1af077c457870a445fc2d46,010bef8d0ab42c2e3c7ddc94d66c03670d6cc5a4f1af077c457870a445fc2d46
P09794,"Haziran 2026 için müşteri, ürün, ödeme planı, satış temsilcisi, teslimat şehri ve birim bazında net satış tutarı göster.",LIVE_PASS,net satış tutarı,5,8,15,81502,81502,True,8.758,19.7,13,21e3b5e01eb6fe3a18008c77153d884036e9c0d7b7632fe0c34bb5417b8cbd69,buffered-transfer,0d2dea198c1bfa66dcac4fdcb5254030495fde44cfec0821c1382166894fccde,a82c49360ea0dbfb8c43240ca7dc89dc1052950f5d6c00e8e2ec010dc2ed81b7,a82c49360ea0dbfb8c43240ca7dc89dc1052950f5d6c00e8e2ec010dc2ed81b7
P09802,"Temmuz 2026 için müşteri, ürün, ödeme planı, satış temsilcisi, teslimat şehri ve birim bazında satılan adet göster.",LIVE_PASS,satılan adet,5,8,15,56842,56842,True,7.186,15.64,13,21e3b5e01eb6fe3a18008c77153d884036e9c0d7b7632fe0c34bb5417b8cbd69,buffered-transfer,0d2dea198c1bfa66dcac4fdcb5254030495fde44cfec0821c1382166894fccde,b84e0efb1012ebc53d497009b654f1e4ad3839e0566294f3e5a06cc86a98c692,b84e0efb1012ebc53d497009b654f1e4ad3839e0566294f3e5a06cc86a98c692
P09810,"Temmuz 2026 müşteri, ürün, ödeme planı, satış temsilcisi, teslimat şehri ve birim bazında satış tutarı nedir?",LIVE_PASS,satış tutarı,5,8,15,56842,56842,True,5.916,13.56,13,21e3b5e01eb6fe3a18008c77153d884036e9c0d7b7632fe0c34bb5417b8cbd69,buffered-transfer,0d2dea198c1bfa66dcac4fdcb5254030495fde44cfec0821c1382166894fccde,82d62f816ad58ccacfaad76e4fce61c107893d97a84dce0eb5f4c50cf10c5406,82d62f816ad58ccacfaad76e4fce61c107893d97a84dce0eb5f4c50cf10c5406
P09818,"Temmuz 2026 müşteri, ürün, ödeme planı, satış temsilcisi, teslimat şehri ve birim bazında satış satırı sayısı nedir?",LIVE_PASS,satış satırı sayısı,5,8,15,56842,56842,True,7.821,16.49,13,21e3b5e01eb6fe3a18008c77153d884036e9c0d7b7632fe0c34bb5417b8cbd69,buffered-transfer,0d2dea198c1bfa66dcac4fdcb5254030495fde44cfec0821c1382166894fccde,2021f09074b9b1df3fa172d72be54cdda0d29d6cbfe7738d90081d1efee57936,2021f09074b9b1df3fa172d72be54cdda0d29d6cbfe7738d90081d1efee57936
P09826,"Temmuz 2026 müşteri, ürün, ödeme planı, satış temsilcisi, teslimat şehri ve birim bazında net satış tutarı nedir?",LIVE_PASS,net satış tutarı,5,8,15,62816,62816,True,11.041,27.75,13,21e3b5e01eb6fe3a18008c77153d884036e9c0d7b7632fe0c34bb5417b8cbd69,buffered-transfer,0d2dea198c1bfa66dcac4fdcb5254030495fde44cfec0821c1382166894fccde,7280fbf0595f0d1b567c4c8f4679644ed57fcf52378ad7b0d0e91c9410e29639,7280fbf0595f0d1b567c4c8f4679644ed57fcf52378ad7b0d0e91c9410e29639
P09836,"Müşteri, ürün, ödeme planı, satış temsilcisi, teslimat şehri ve birim bazında Ağustos 2026 satılan adet hesapla.",LIVE_PASS,satılan adet,5,8,15,38263,38263,True,7.78,20.88,13,21e3b5e01eb6fe3a18008c77153d884036e9c0d7b7632fe0c34bb5417b8cbd69,buffered-transfer,0d2dea198c1bfa66dcac4fdcb5254030495fde44cfec0821c1382166894fccde,0ba9c9f2975aaf23611797a3742f28c24c3b5a58edf2f9c72948524b1d607adc,0ba9c9f2975aaf23611797a3742f28c24c3b5a58edf2f9c72948524b1d607adc
P09844,"Ağustos 2026 için müşteri, ürün, ödeme planı, satış temsilcisi, teslimat şehri ve birim bazında satış tutarı göster.",LIVE_PASS,satış tutarı,5,8,15,38263,38263,True,10.241,21.26,13,21e3b5e01eb6fe3a18008c77153d884036e9c0d7b7632fe0c34bb5417b8cbd69,buffered-transfer,0d2dea198c1bfa66dcac4fdcb5254030495fde44cfec0821c1382166894fccde,aa7ab7a69a1927a28e78a0f6689c2706a982d48c798aa130f60930c4d0d7b43d,aa7ab7a69a1927a28e78a0f6689c2706a982d48c798aa130f60930c4d0d7b43d
P09852,"Ağustos 2026 için müşteri, ürün, ödeme planı, satış temsilcisi, teslimat şehri ve birim bazında satış satırı sayısı göster.",LIVE_PASS,satış satırı sayısı,5,8,15,38263,38263,True,7.298,14.65,13,21e3b5e01eb6fe3a18008c77153d884036e9c0d7b7632fe0c34bb5417b8cbd69,buffered-transfer,0d2dea198c1bfa66dcac4fdcb5254030495fde44cfec0821c1382166894fccde,683d16c03c77f49d1e34af88eb0c90d924cbc4d3a7fdbb9b3a0166fbada2a2cf,683d16c03c77f49d1e34af88eb0c90d924cbc4d3a7fdbb9b3a0166fbada2a2cf
P09860,"Ağustos 2026 müşteri, ürün, ödeme planı, satış temsilcisi, teslimat şehri ve birim bazında net satış tutarı nedir?",LIVE_PASS,net satış tutarı,5,8,15,38852,38852,True,5.066,10.6,13,21e3b5e01eb6fe3a18008c77153d884036e9c0d7b7632fe0c34bb5417b8cbd69,buffered-transfer,0d2dea198c1bfa66dcac4fdcb5254030495fde44cfec0821c1382166894fccde,421729d08a576aabefc93cca2a0560ae42b859a98c50b9831a58dd8d9a49a274,421729d08a576aabefc93cca2a0560ae42b859a98c50b9831a58dd8d9a49a274
