kimlik	metin
s01	Kitabevi sahibiyle görüştüm, kalan bakiyeyi on beş Ekim'de çekle ödeyecek.
s02	Yüzde kırk iskonto istedi, biz otuz beşte kaldık; vade doksan gün.
s03	Çocuk kitaplarından yeni sipariş verecek, sevk irsaliyesi pazartesi kesilsin.
s04	Geçen ayki iade faturası hâlâ muhasebeye gelmemiş, kontrol edeceğiz.
s05	Timaş Yayınları'nın yeni çıkan romanından yirmi adet, Kapı Yayınları'ndan on adet istedi.
s06	Raf yerini değiştirmişler, bizim kitaplar giriş kapısının sağındaki standa taşındı.
s07	Senetlerin ikisi karşılıksız çıkmış, avukata vermeden önce bir kez daha arayacağım.
s08	Kasım kampanyası için vitrin afişi ve yüz elli katalog bıraktım.
s09	Risk limiti dolmuş, yeni sevkiyat için finans onayı gerekiyor.
s10	Müşteri kargo gecikmesinden şikâyetçi, son üç sipariş bir hafta geç ulaşmış.
o01	Kadıköy Moda İlkokulu'nda Türkçe zümre başkanıyla görüştük.
o02	Üçüncü ve dördüncü sınıflar için okuma listesine iki kitap önerdim.
o03	Okul müdürü velilere duyuru yapacak, siparişler Kitap Dünyası bayisinden verilecek.
o04	Rehberlik öğretmeni değerler eğitimi setiyle ilgilendi, örnek kitap istedi.
o05	Anadolu lisesinde edebiyat öğretmenleri kurumsal indirim soruyor.
o06	Yazar söyleşisi için Kasım'ın ikinci haftası uygun olabilir dediler.
o07	Kütüphaneye bağış yapılabilir mi diye sordular, fatura gerekecek.
o08	Beşinci sınıflarda yüz yirmi öğrenci var, sınıf seti teklifini götüreceğim.
o09	Ziyaret olumlu geçti, bir sonraki görüşme Aralık başında.
o10	Okul ihalesi dönem sonunda açılacak, şartnameyi e-postayla gönderecekler.
